model_name,embedding_dim,num_node,pro_sim,knn_sim,sec_sim
GraphSAGE,8,1000,0.827393528,0.509716457,0.995410867
GraphSAGE,8,1000,0.846870816,0.422361746,0.990677821
GraphSAGE,8,1000,0.71975097,0.321258372,0.954784331
GraphSAGE,8,1000,0.904495571,0.570238517,0.997657985
GraphSAGE,8,1000,0.801533288,0.437885714,0.989383647
GraphSAGE,8,1000,0.708246451,0.359673749,0.957512695
GraphSAGE,8,1000,0.771499252,0.542653464,0.995397629
GraphSAGE,8,1000,0.739205411,0.34666106,0.960714814
GraphSAGE,8,1000,0.862365686,0.454225313,0.989788397
GraphSAGE,8,1000,0.77696416,0.376323718,0.971042879
GraphSAGE,8,2000,0.828261277,0.464573725,0.997278529
GraphSAGE,8,2000,0.849361461,0.370513273,0.993509937
GraphSAGE,8,2000,0.72129864,0.274855709,0.966596048
GraphSAGE,8,2000,0.904750657,0.525513275,0.998511282
GraphSAGE,8,2000,0.801338962,0.373679488,0.993277569
GraphSAGE,8,2000,0.707484493,0.313681514,0.970048468
GraphSAGE,8,2000,0.773703234,0.50269723,0.997396354
GraphSAGE,8,2000,0.742117136,0.299638839,0.968348182
GraphSAGE,8,2000,0.864745277,0.396748191,0.992024494
GraphSAGE,8,2000,0.780390803,0.328157294,0.978748366
GraphSAGE,8,4000,0.828998108,0.406196802,0.99821328
GraphSAGE,8,4000,0.847815827,0.318659568,0.995472098
GraphSAGE,8,4000,0.72504197,0.229378192,0.973298826
GraphSAGE,8,4000,0.90387138,0.468038059,0.998980382
GraphSAGE,8,4000,0.80243172,0.311335174,0.995534644
GraphSAGE,8,4000,0.713243098,0.261559848,0.976674046
GraphSAGE,8,4000,0.772075073,0.452056493,0.998369578
GraphSAGE,8,4000,0.747220503,0.252132802,0.974993589
GraphSAGE,8,4000,0.863905841,0.335959033,0.99415569
GraphSAGE,8,4000,0.78297901,0.276889663,0.984553389
GraphSAGE,8,8000,0.828739166,0.349019284,0.99861796
GraphSAGE,8,8000,0.847597717,0.273149501,0.996503109
GraphSAGE,8,8000,0.723884758,0.189748524,0.97650639
GraphSAGE,8,8000,0.903535872,0.417741892,0.999250656
GraphSAGE,8,8000,0.801797076,0.256410253,0.99650955
GraphSAGE,8,8000,0.712192271,0.215007586,0.979506964
GraphSAGE,8,8000,0.771123596,0.400855395,0.998834017
GraphSAGE,8,8000,0.748343719,0.207474123,0.97769049
GraphSAGE,8,8000,0.863858763,0.286680978,0.995438014
GraphSAGE,8,8000,0.782645164,0.232505909,0.987349957
GraphSAGE,8,16000,0.827279498,0.29843829,0.999021402
GraphSAGE,8,16000,0.847069646,0.233574976,0.997297103
GraphSAGE,8,16000,0.722270967,0.157116451,0.979595475
GraphSAGE,8,16000,0.903678585,0.370328935,0.999429384
GraphSAGE,8,16000,0.801650166,0.211626307,0.997330327
GraphSAGE,8,16000,0.709613178,0.176377698,0.981930526
GraphSAGE,8,16000,0.770605297,0.350689944,0.999200257
GraphSAGE,8,16000,0.748814068,0.172041739,0.980518182
GraphSAGE,8,16000,0.864910817,0.245298447,0.996461168
GraphSAGE,8,16000,0.78295138,0.196472527,0.990215753
GraphSAGE,16,1000,0.785920928,0.387206039,0.978630755
GraphSAGE,16,1000,0.82535723,0.421865303,0.984427902
GraphSAGE,16,1000,0.702055759,0.369941434,0.971200655
GraphSAGE,16,1000,0.86407538,0.440474379,0.989916938
GraphSAGE,16,1000,0.89174936,0.519268962,0.994309121
GraphSAGE,16,1000,0.916453136,0.552703481,0.995474824
GraphSAGE,16,1000,0.809397293,0.408174175,0.978290917
GraphSAGE,16,1000,0.880663533,0.539290633,0.994663536
GraphSAGE,16,1000,0.818799323,0.411140394,0.97930375
GraphSAGE,16,1000,0.754913781,0.398773343,0.972217105
GraphSAGE,16,2000,0.783752124,0.323501491,0.983350898
GraphSAGE,16,2000,0.824200354,0.35391112,0.987544809
GraphSAGE,16,2000,0.702751051,0.306569455,0.977307069
GraphSAGE,16,2000,0.864415557,0.365147523,0.991655231
GraphSAGE,16,2000,0.892338494,0.466987317,0.995881001
GraphSAGE,16,2000,0.918032336,0.503157492,0.997149931
GraphSAGE,16,2000,0.807339716,0.349141376,0.982327478
GraphSAGE,16,2000,0.8840539,0.489824254,0.996484466
GraphSAGE,16,2000,0.823177135,0.354199804,0.983390852
GraphSAGE,16,2000,0.754732295,0.338760323,0.978640968
GraphSAGE,16,4000,0.781728758,0.261569666,0.985773436
GraphSAGE,16,4000,0.825778524,0.292803538,0.989888774
GraphSAGE,16,4000,0.704727726,0.250174603,0.980692462
GraphSAGE,16,4000,0.862868501,0.303284425,0.992905344
GraphSAGE,16,4000,0.890027791,0.409369796,0.996982123
GraphSAGE,16,4000,0.91778617,0.450765298,0.997858125
GraphSAGE,16,4000,0.806020193,0.292887637,0.985748226
GraphSAGE,16,4000,0.884691628,0.432050606,0.997343131
GraphSAGE,16,4000,0.824430802,0.302889064,0.987298587
GraphSAGE,16,4000,0.755257176,0.281493883,0.982580632
GraphSAGE,16,8000,0.782790418,0.210822539,0.987599837
GraphSAGE,16,8000,0.826386203,0.240042245,0.991043281
GraphSAGE,16,8000,0.707259839,0.203000973,0.98290466
GraphSAGE,16,8000,0.862709328,0.245680677,0.993785587
GraphSAGE,16,8000,0.888735719,0.352560269,0.997502668
GraphSAGE,16,8000,0.916242638,0.394039555,0.998319941
GraphSAGE,16,8000,0.807429341,0.242531294,0.98768247
GraphSAGE,16,8000,0.884348986,0.38109421,0.997883262
GraphSAGE,16,8000,0.822487737,0.254629606,0.988870848
GraphSAGE,16,8000,0.757529906,0.234727985,0.984705339
GraphSAGE,16,16000,0.783115682,0.172225167,0.989380219
GraphSAGE,16,16000,0.825472282,0.198685122,0.992360773
GraphSAGE,16,16000,0.708536615,0.167443999,0.985318908
GraphSAGE,16,16000,0.862286061,0.199465217,0.994848142
GraphSAGE,16,16000,0.888659138,0.30817772,0.998052605
GraphSAGE,16,16000,0.916692432,0.348485762,0.998738831
GraphSAGE,16,16000,0.808210749,0.204640886,0.989603776
GraphSAGE,16,16000,0.884542622,0.334486074,0.998381607
GraphSAGE,16,16000,0.823174791,0.217884787,0.990849527
GraphSAGE,16,16000,0.759531284,0.197899728,0.987032582
GraphSAGE,32,1000,0.89814413,0.570275116,0.995782706
GraphSAGE,32,1000,0.887471655,0.507682622,0.992601229
GraphSAGE,32,1000,0.865205979,0.52455088,0.995008358
GraphSAGE,32,1000,0.900919599,0.537957585,0.993353541
GraphSAGE,32,1000,0.89181318,0.468844644,0.991668707
GraphSAGE,32,1000,0.909073478,0.507935196,0.995321176
GraphSAGE,32,1000,0.906684248,0.581981142,0.996348274
GraphSAGE,32,1000,0.929128109,0.588526149,0.997189068
GraphSAGE,32,1000,0.851460665,0.450379631,0.98585158
GraphSAGE,32,1000,0.886132271,0.524103681,0.993857895
GraphSAGE,32,2000,0.896829694,0.52590784,0.9967184
GraphSAGE,32,2000,0.888772779,0.454725273,0.994858501
GraphSAGE,32,2000,0.865850407,0.478662907,0.996702336
GraphSAGE,32,2000,0.902258683,0.489421491,0.994968515
GraphSAGE,32,2000,0.892584951,0.427224717,0.994317049
GraphSAGE,32,2000,0.909493447,0.460505584,0.996817159
GraphSAGE,32,2000,0.907083661,0.544569993,0.997463946
GraphSAGE,32,2000,0.930383419,0.536445049,0.998172094
GraphSAGE,32,2000,0.855074769,0.399437715,0.989986366
GraphSAGE,32,2000,0.887350827,0.474656522,0.995987635
GraphSAGE,32,4000,0.895726222,0.477412271,0.997301065
GraphSAGE,32,4000,0.889042999,0.406435792,0.996225581
GraphSAGE,32,4000,0.864644573,0.432260141,0.997705821
GraphSAGE,32,4000,0.901324036,0.431866472,0.995919374
GraphSAGE,32,4000,0.894391447,0.380899026,0.995822096
GraphSAGE,32,4000,0.909182302,0.411642678,0.997721932
GraphSAGE,32,4000,0.906678823,0.491069851,0.99819399
GraphSAGE,32,4000,0.93192371,0.48431818,0.998766296
GraphSAGE,32,4000,0.85739721,0.347327299,0.992540267
GraphSAGE,32,4000,0.887465648,0.427866021,0.997192889
GraphSAGE,32,8000,0.895224463,0.425698693,0.997680159
GraphSAGE,32,8000,0.888874881,0.35475507,0.996840376
GraphSAGE,32,8000,0.863727244,0.381782964,0.998174517
GraphSAGE,32,8000,0.898736877,0.374038064,0.996395805
GraphSAGE,32,8000,0.895654212,0.332685115,0.996474465
GraphSAGE,32,8000,0.909322001,0.361522943,0.998225236
GraphSAGE,32,8000,0.905735618,0.436584706,0.998551959
GraphSAGE,32,8000,0.931426366,0.429025074,0.999041294
GraphSAGE,32,8000,0.857450315,0.296231524,0.993572999
GraphSAGE,32,8000,0.887144656,0.373968581,0.997747008
GraphSAGE,32,16000,0.895957961,0.385865632,0.998164941
GraphSAGE,32,16000,0.889824771,0.31813244,0.997555475
GraphSAGE,32,16000,0.863961497,0.344214522,0.998655342
GraphSAGE,32,16000,0.899600916,0.329907885,0.997169639
GraphSAGE,32,16000,0.896803168,0.299318246,0.997217324
GraphSAGE,32,16000,0.908725034,0.323498744,0.998654618
GraphSAGE,32,16000,0.905521283,0.393084083,0.998905503
GraphSAGE,32,16000,0.931194835,0.382887826,0.999301918
GraphSAGE,32,16000,0.858958301,0.260360703,0.994973083
GraphSAGE,32,16000,0.887920995,0.334091435,0.998326386
GraphSAGE,64,1000,0.937737782,0.604403907,0.997085077
GraphSAGE,64,1000,0.937241555,0.611077241,0.996735144
GraphSAGE,64,1000,0.916242189,0.576495495,0.994926065
GraphSAGE,64,1000,0.882252608,0.573752055,0.994626375
GraphSAGE,64,1000,0.934190136,0.624956875,0.997310147
GraphSAGE,64,1000,0.89661375,0.568740654,0.996117589
GraphSAGE,64,1000,0.904990297,0.580301323,0.995154877
GraphSAGE,64,1000,0.938061492,0.594336848,0.996562439
GraphSAGE,64,1000,0.913100882,0.595668488,0.995817365
GraphSAGE,64,1000,0.891365978,0.562249078,0.993910147
GraphSAGE,64,2000,0.938880635,0.570117477,0.998075097
GraphSAGE,64,2000,0.938451618,0.57433452,0.997837743
GraphSAGE,64,2000,0.916933849,0.538159797,0.996325654
GraphSAGE,64,2000,0.884298756,0.538520116,0.996370874
GraphSAGE,64,2000,0.934364473,0.57602767,0.998052493
GraphSAGE,64,2000,0.899246188,0.535735875,0.997362557
GraphSAGE,64,2000,0.905009956,0.546723085,0.996610054
GraphSAGE,64,2000,0.938142474,0.554249233,0.997929055
GraphSAGE,64,2000,0.914405375,0.558186553,0.997156058
GraphSAGE,64,2000,0.894947035,0.522519914,0.995560847
GraphSAGE,64,4000,0.938876262,0.527361366,0.998646166
GraphSAGE,64,4000,0.938814315,0.534192116,0.998491029
GraphSAGE,64,4000,0.916427147,0.490759983,0.997188335
GraphSAGE,64,4000,0.884045626,0.500309019,0.997366638
GraphSAGE,64,4000,0.934262046,0.530677703,0.998685707
GraphSAGE,64,4000,0.898471974,0.492282079,0.99810867
GraphSAGE,64,4000,0.904664881,0.507880241,0.997718985
GraphSAGE,64,4000,0.938078397,0.51238472,0.998457016
GraphSAGE,64,4000,0.913640225,0.516906123,0.997977514
GraphSAGE,64,4000,0.894058251,0.479502881,0.996443502
GraphSAGE,64,8000,0.939154092,0.480670408,0.998955322
GraphSAGE,64,8000,0.938221338,0.48843017,0.99884624
GraphSAGE,64,8000,0.915424483,0.447930046,0.997886391
GraphSAGE,64,8000,0.883396564,0.457717425,0.997928076
GraphSAGE,64,8000,0.933880312,0.483150617,0.998896343
GraphSAGE,64,8000,0.897117552,0.447398364,0.998527207
GraphSAGE,64,8000,0.903884311,0.462916907,0.998220752
GraphSAGE,64,8000,0.937033539,0.470650619,0.998874864
GraphSAGE,64,8000,0.912809003,0.475116672,0.998439835
GraphSAGE,64,8000,0.892965936,0.436225694,0.997035746
GraphSAGE,64,16000,0.939198149,0.444116461,0.999233748
GraphSAGE,64,16000,0.938572574,0.456649627,0.999162559
GraphSAGE,64,16000,0.915766899,0.414488643,0.998450744
GraphSAGE,64,16000,0.884096648,0.422383836,0.998484451
GraphSAGE,64,16000,0.933574872,0.447264329,0.999206178
GraphSAGE,64,16000,0.896662381,0.414917793,0.998940212
GraphSAGE,64,16000,0.903908057,0.424914355,0.998679942
GraphSAGE,64,16000,0.937157209,0.437748859,0.999178281
GraphSAGE,64,16000,0.912717964,0.440317218,0.998872444
GraphSAGE,64,16000,0.893270652,0.403417569,0.99773216
GraphSAGE,128,1000,0.911264461,0.606258384,0.996166718
GraphSAGE,128,1000,0.917736054,0.612196915,0.996368588
GraphSAGE,128,1000,0.848888402,0.578266385,0.994556682
GraphSAGE,128,1000,0.881550779,0.594716945,0.995682115
GraphSAGE,128,1000,0.938511012,0.629166483,0.996476225
GraphSAGE,128,1000,0.920315024,0.62528909,0.99631815
GraphSAGE,128,1000,0.937818781,0.639955102,0.997130772
GraphSAGE,128,1000,0.913452766,0.633794878,0.997070802
GraphSAGE,128,1000,0.948427713,0.693088458,0.998511828
GraphSAGE,128,1000,0.935922085,0.658324122,0.997500131
GraphSAGE,128,2000,0.911645562,0.578284116,0.997618295
GraphSAGE,128,2000,0.917720827,0.573355734,0.997582275
GraphSAGE,128,2000,0.84847177,0.550119104,0.996513629
GraphSAGE,128,2000,0.880160873,0.559425301,0.997239256
GraphSAGE,128,2000,0.938686329,0.586831983,0.997684546
GraphSAGE,128,2000,0.920816622,0.589967521,0.99754312
GraphSAGE,128,2000,0.938013094,0.607033639,0.998191375
GraphSAGE,128,2000,0.913647108,0.600240323,0.998115991
GraphSAGE,128,2000,0.948588206,0.65976388,0.999050146
GraphSAGE,128,2000,0.936939788,0.621620627,0.998398661
GraphSAGE,128,4000,0.91109064,0.552562264,0.998356948
GraphSAGE,128,4000,0.917857792,0.539082611,0.998245183
GraphSAGE,128,4000,0.847394673,0.521171063,0.99755257
GraphSAGE,128,4000,0.879848146,0.532659927,0.99809199
GraphSAGE,128,4000,0.93830233,0.550808432,0.998444255
GraphSAGE,128,4000,0.921684581,0.563532257,0.998310624
GraphSAGE,128,4000,0.938769763,0.579655626,0.998830611
GraphSAGE,128,4000,0.912850575,0.564111538,0.998710503
GraphSAGE,128,4000,0.94830241,0.629836552,0.999361955
GraphSAGE,128,4000,0.937522869,0.594513359,0.998903586
GraphSAGE,128,8000,0.910307334,0.515302417,0.998795275
GraphSAGE,128,8000,0.916637687,0.500105537,0.998643877
GraphSAGE,128,8000,0.846898811,0.489377036,0.998172049
GraphSAGE,128,8000,0.878691128,0.495432483,0.998527462
GraphSAGE,128,8000,0.937207542,0.512249457,0.998817876
GraphSAGE,128,8000,0.921012037,0.529231656,0.99871845
GraphSAGE,128,8000,0.93834968,0.54288671,0.999100977
GraphSAGE,128,8000,0.912507535,0.532328004,0.999048835
GraphSAGE,128,8000,0.948249731,0.59502394,0.999515849
GraphSAGE,128,8000,0.936641699,0.559764083,0.999173383
GraphSAGE,128,16000,0.910373044,0.486305751,0.999152333
GraphSAGE,128,16000,0.916725224,0.470758452,0.999024416
GraphSAGE,128,16000,0.847306317,0.461998104,0.998690833
GraphSAGE,128,16000,0.879269004,0.469310209,0.998963763
GraphSAGE,128,16000,0.937131564,0.481228753,0.999163461
GraphSAGE,128,16000,0.921082087,0.499442809,0.999073128
GraphSAGE,128,16000,0.938377015,0.514447135,0.999346626
GraphSAGE,128,16000,0.912543508,0.506365692,0.999330289
GraphSAGE,128,16000,0.948205351,0.568145012,0.999658185
GraphSAGE,128,16000,0.936959448,0.532216545,0.999396473
GraphSAGE,256,1000,0.891421973,0.633460297,0.99533156
GraphSAGE,256,1000,0.8800469,0.632685977,0.994470691
GraphSAGE,256,1000,0.886940229,0.630879693,0.99513524
GraphSAGE,256,1000,0.874641196,0.619605899,0.994814008
GraphSAGE,256,1000,0.888415001,0.63387233,0.994895163
GraphSAGE,256,1000,0.897790013,0.644236743,0.99590895
GraphSAGE,256,1000,0.91302343,0.666409484,0.996668886
GraphSAGE,256,1000,0.882819457,0.628115184,0.994775959
GraphSAGE,256,1000,0.883087087,0.640936841,0.995085857
GraphSAGE,256,1000,0.881066857,0.629379719,0.99537809
GraphSAGE,256,2000,0.890349784,0.611936477,0.996964074
GraphSAGE,256,2000,0.879311978,0.60871515,0.996457951
GraphSAGE,256,2000,0.887466623,0.612149337,0.996826299
GraphSAGE,256,2000,0.875484002,0.603443835,0.996691056
GraphSAGE,256,2000,0.887479472,0.615935005,0.996683422
GraphSAGE,256,2000,0.897286304,0.619524245,0.997176553
GraphSAGE,256,2000,0.912510554,0.63848255,0.997789312
GraphSAGE,256,2000,0.88297319,0.609418521,0.996551705
GraphSAGE,256,2000,0.883406909,0.617383124,0.99679283
GraphSAGE,256,2000,0.881382948,0.607778986,0.996889847
GraphSAGE,256,4000,0.888467683,0.590955114,0.997853782
GraphSAGE,256,4000,0.877544016,0.583267939,0.997516182
GraphSAGE,256,4000,0.886380987,0.586970804,0.997782375
GraphSAGE,256,4000,0.874561147,0.574604912,0.997636566
GraphSAGE,256,4000,0.886892826,0.592552681,0.997707249
GraphSAGE,256,4000,0.896737926,0.598096223,0.998021055
GraphSAGE,256,4000,0.912151002,0.611421172,0.998392136
GraphSAGE,256,4000,0.883095478,0.586926104,0.99757057
GraphSAGE,256,4000,0.883308738,0.590519184,0.997677151
GraphSAGE,256,4000,0.882375592,0.57527645,0.997688929
GraphSAGE,256,8000,0.886715284,0.559828558,0.998197086
GraphSAGE,256,8000,0.876044527,0.556965124,0.998029378
GraphSAGE,256,8000,0.884772443,0.558654159,0.998243962
GraphSAGE,256,8000,0.872944149,0.54260569,0.997982536
GraphSAGE,256,8000,0.88501081,0.561076773,0.998206988
GraphSAGE,256,8000,0.89592079,0.566645371,0.998419932
GraphSAGE,256,8000,0.910638406,0.578533285,0.998698552
GraphSAGE,256,8000,0.881327193,0.556910105,0.998075995
GraphSAGE,256,8000,0.881769467,0.558514743,0.9981332
GraphSAGE,256,8000,0.881155061,0.544305803,0.998116474
GraphSAGE,256,16000,0.887182056,0.540524683,0.998692286
GraphSAGE,256,16000,0.875949195,0.538581912,0.998557926
GraphSAGE,256,16000,0.885008549,0.540545268,0.998709571
GraphSAGE,256,16000,0.873593793,0.521437689,0.998541978
GraphSAGE,256,16000,0.885467143,0.54068974,0.998685496
GraphSAGE,256,16000,0.896573283,0.548074987,0.998839969
GraphSAGE,256,16000,0.91076054,0.550353045,0.99902332
GraphSAGE,256,16000,0.881723931,0.537255379,0.998587934
GraphSAGE,256,16000,0.882395214,0.533027305,0.998618988
GraphSAGE,256,16000,0.881969724,0.522453967,0.99862319
Node2Vec,8,1000,0.669922412,0.34771183,0.952982298
Node2Vec,8,1000,0.653818518,0.35083969,0.956407201
Node2Vec,8,1000,0.737440555,0.34174335,0.961152258
Node2Vec,8,1000,0.659080059,0.34592137,0.954324897
Node2Vec,8,1000,0.688039878,0.351598822,0.955953073
Node2Vec,8,1000,0.72904833,0.356136749,0.958146151
Node2Vec,8,1000,0.668203567,0.352525403,0.955000962
Node2Vec,8,1000,0.711130361,0.347682771,0.957228422
Node2Vec,8,1000,0.662190247,0.348583016,0.95604274
Node2Vec,8,1000,0.701570143,0.351975328,0.958581471
Node2Vec,8,2000,0.672217055,0.273161438,0.960747947
Node2Vec,8,2000,0.658517374,0.272874286,0.9626667
Node2Vec,8,2000,0.729214696,0.26653124,0.966825117
Node2Vec,8,2000,0.663641462,0.273540322,0.963229782
Node2Vec,8,2000,0.687658301,0.273318988,0.964260541
Node2Vec,8,2000,0.721450944,0.277907484,0.967847979
Node2Vec,8,2000,0.677484583,0.272359046,0.965881995
Node2Vec,8,2000,0.705989045,0.264552382,0.966140326
Node2Vec,8,2000,0.666715976,0.271022158,0.965044893
Node2Vec,8,2000,0.702248982,0.272836216,0.967706154
Node2Vec,8,4000,0.671161772,0.206273841,0.966929457
Node2Vec,8,4000,0.654207269,0.210076572,0.96952112
Node2Vec,8,4000,0.7296241,0.209706636,0.970412161
Node2Vec,8,4000,0.647956621,0.20652984,0.968731291
Node2Vec,8,4000,0.678877686,0.207587459,0.970626828
Node2Vec,8,4000,0.718052992,0.213654737,0.972199577
Node2Vec,8,4000,0.674938225,0.209136916,0.971596789
Node2Vec,8,4000,0.707462711,0.208835188,0.972250409
Node2Vec,8,4000,0.658756215,0.210147174,0.971092612
Node2Vec,8,4000,0.695239784,0.210595262,0.972650238
Node2Vec,8,8000,0.662784586,0.150594341,0.968761364
Node2Vec,8,8000,0.649480094,0.151497753,0.971018822
Node2Vec,8,8000,0.726063317,0.151140197,0.971649232
Node2Vec,8,8000,0.643555781,0.151405057,0.969870995
Node2Vec,8,8000,0.677177267,0.151705962,0.97280934
Node2Vec,8,8000,0.7144143,0.155182255,0.973038706
Node2Vec,8,8000,0.670651673,0.152786014,0.971834415
Node2Vec,8,8000,0.702919486,0.152625668,0.973960301
Node2Vec,8,8000,0.654268898,0.151247475,0.972308337
Node2Vec,8,8000,0.688537096,0.152361984,0.973051022
Node2Vec,8,16000,0.661892918,0.108887452,0.972551657
Node2Vec,8,16000,0.6503175,0.108696023,0.974092615
Node2Vec,8,16000,0.728889376,0.10946473,0.974095161
Node2Vec,8,16000,0.647479928,0.108937865,0.972853903
Node2Vec,8,16000,0.677922227,0.109542466,0.97513295
Node2Vec,8,16000,0.717361599,0.113661038,0.976172607
Node2Vec,8,16000,0.671210904,0.109727731,0.975273337
Node2Vec,8,16000,0.704230448,0.110223757,0.975940622
Node2Vec,8,16000,0.656134774,0.109290978,0.974540452
Node2Vec,8,16000,0.691523171,0.109478357,0.97528679
Node2Vec,16,1000,0.663773031,0.415126322,0.951172298
Node2Vec,16,1000,0.653128701,0.415519698,0.954581556
Node2Vec,16,1000,0.669477788,0.421635117,0.955848995
Node2Vec,16,1000,0.657081664,0.418530431,0.954784007
Node2Vec,16,1000,0.633759187,0.419147187,0.947838586
Node2Vec,16,1000,0.666006243,0.416534896,0.953289815
Node2Vec,16,1000,0.649629818,0.415851071,0.951548477
Node2Vec,16,1000,0.66742257,0.418639637,0.953482925
Node2Vec,16,1000,0.657416851,0.411995591,0.950144222
Node2Vec,16,1000,0.664315167,0.425722317,0.957349374
Node2Vec,16,2000,0.661177494,0.343604528,0.962166469
Node2Vec,16,2000,0.652219253,0.341682851,0.963988593
Node2Vec,16,2000,0.667210058,0.343062359,0.964586565
Node2Vec,16,2000,0.65538233,0.338745388,0.963801855
Node2Vec,16,2000,0.630734179,0.345529726,0.961890901
Node2Vec,16,2000,0.660098138,0.346630104,0.96375838
Node2Vec,16,2000,0.642857744,0.342136777,0.963019345
Node2Vec,16,2000,0.666798229,0.341236946,0.963981546
Node2Vec,16,2000,0.659844523,0.337620962,0.962281822
Node2Vec,16,2000,0.65688638,0.345646195,0.966699911
Node2Vec,16,4000,0.658934984,0.268332232,0.968673868
Node2Vec,16,4000,0.65224709,0.266862044,0.969662228
Node2Vec,16,4000,0.667003313,0.269930041,0.970208598
Node2Vec,16,4000,0.650586021,0.26456205,0.969569165
Node2Vec,16,4000,0.628526809,0.270446772,0.968211434
Node2Vec,16,4000,0.658124786,0.27197616,0.970166882
Node2Vec,16,4000,0.640719305,0.267399236,0.968994032
Node2Vec,16,4000,0.66197578,0.272440788,0.969870878
Node2Vec,16,4000,0.656468615,0.267648905,0.968341979
Node2Vec,16,4000,0.646612361,0.270397728,0.970973427
Node2Vec,16,8000,0.654763689,0.203960319,0.969137607
Node2Vec,16,8000,0.644057311,0.20299025,0.969827243
Node2Vec,16,8000,0.662693607,0.205117613,0.970570314
Node2Vec,16,8000,0.645254644,0.202461637,0.970382166
Node2Vec,16,8000,0.621849523,0.205265987,0.970241244
Node2Vec,16,8000,0.65299297,0.206952551,0.971826612
Node2Vec,16,8000,0.638612038,0.20260418,0.970994912
Node2Vec,16,8000,0.655397838,0.206528995,0.969888867
Node2Vec,16,8000,0.647031374,0.202078918,0.969223295
Node2Vec,16,8000,0.642511163,0.204937739,0.972492895
Node2Vec,16,16000,0.656787269,0.153020294,0.972290198
Node2Vec,16,16000,0.646684266,0.153310678,0.97302822
Node2Vec,16,16000,0.665369431,0.153798013,0.973071343
Node2Vec,16,16000,0.646860524,0.152035263,0.973515923
Node2Vec,16,16000,0.623295143,0.154192514,0.972837454
Node2Vec,16,16000,0.653405927,0.156664687,0.973588218
Node2Vec,16,16000,0.639939041,0.154962943,0.973994115
Node2Vec,16,16000,0.660555068,0.156064056,0.973638528
Node2Vec,16,16000,0.649356576,0.153934691,0.973213661
Node2Vec,16,16000,0.644749744,0.156522027,0.975301673
Node2Vec,32,1000,0.577359895,0.438761233,0.941029286
Node2Vec,32,1000,0.581331199,0.4373926,0.944544403
Node2Vec,32,1000,0.575968047,0.438056375,0.946273594
Node2Vec,32,1000,0.575812782,0.437906508,0.943906459
Node2Vec,32,1000,0.580293449,0.442185366,0.943476663
Node2Vec,32,1000,0.576062803,0.434935978,0.944865422
Node2Vec,32,1000,0.579532937,0.433838278,0.942959647
Node2Vec,32,1000,0.583168991,0.437318423,0.944560432
Node2Vec,32,1000,0.578482721,0.438127354,0.940940419
Node2Vec,32,1000,0.575342107,0.435496615,0.945069941
Node2Vec,32,2000,0.577496643,0.364957173,0.954502248
Node2Vec,32,2000,0.57962974,0.367475363,0.956314547
Node2Vec,32,2000,0.577567167,0.370872085,0.957598669
Node2Vec,32,2000,0.571910257,0.361417053,0.954909458
Node2Vec,32,2000,0.583545999,0.378514122,0.955172916
Node2Vec,32,2000,0.58369742,0.371234612,0.958400121
Node2Vec,32,2000,0.577465713,0.363594193,0.955514894
Node2Vec,32,2000,0.585573885,0.375586118,0.957147314
Node2Vec,32,2000,0.580492197,0.370738152,0.954361004
Node2Vec,32,2000,0.578618006,0.366001077,0.959165888
Node2Vec,32,4000,0.576387959,0.291601868,0.963803265
Node2Vec,32,4000,0.577447825,0.292895396,0.963380636
Node2Vec,32,4000,0.572787344,0.298464136,0.96413947
Node2Vec,32,4000,0.568543475,0.292688537,0.962651201
Node2Vec,32,4000,0.582087312,0.293973389,0.963575636
Node2Vec,32,4000,0.579519552,0.295362002,0.965730489
Node2Vec,32,4000,0.572217899,0.294193319,0.963199364
Node2Vec,32,4000,0.579322827,0.297646712,0.964290855
Node2Vec,32,4000,0.573108274,0.293174091,0.962042947
Node2Vec,32,4000,0.570441221,0.295655078,0.964525111
Node2Vec,32,8000,0.565219993,0.225659952,0.964059824
Node2Vec,32,8000,0.568677014,0.226603526,0.964076862
Node2Vec,32,8000,0.564402186,0.228368143,0.964742128
Node2Vec,32,8000,0.558938252,0.226038585,0.963300818
Node2Vec,32,8000,0.573772114,0.228138534,0.96429532
Node2Vec,32,8000,0.569605122,0.227917268,0.965764449
Node2Vec,32,8000,0.564765818,0.226994785,0.964162206
Node2Vec,32,8000,0.572262228,0.230323151,0.965157685
Node2Vec,32,8000,0.566447757,0.228524483,0.963592748
Node2Vec,32,8000,0.56118029,0.229917921,0.964667891
Node2Vec,32,16000,0.568120533,0.174703061,0.966737616
Node2Vec,32,16000,0.571219817,0.174903629,0.966112781
Node2Vec,32,16000,0.569459576,0.175910208,0.967215436
Node2Vec,32,16000,0.563258905,0.174751017,0.966088809
Node2Vec,32,16000,0.576029019,0.176466879,0.966773931
Node2Vec,32,16000,0.570204193,0.175222753,0.967687971
Node2Vec,32,16000,0.567756363,0.174606533,0.966804102
Node2Vec,32,16000,0.573005397,0.177378308,0.967436124
Node2Vec,32,16000,0.568809249,0.176980129,0.966438015
Node2Vec,32,16000,0.564243753,0.175885431,0.967468797
Node2Vec,64,1000,0.455763907,0.425603262,0.925493182
Node2Vec,64,1000,0.450414493,0.425285959,0.922690381
Node2Vec,64,1000,0.453448656,0.430321883,0.924283683
Node2Vec,64,1000,0.449089482,0.425012342,0.922596974
Node2Vec,64,1000,0.454138574,0.423353939,0.924006355
Node2Vec,64,1000,0.455338278,0.428808004,0.925318441
Node2Vec,64,1000,0.453530267,0.420900991,0.925577527
Node2Vec,64,1000,0.448771101,0.425029951,0.919729801
Node2Vec,64,1000,0.44997099,0.416721311,0.920604184
Node2Vec,64,1000,0.450411744,0.430302385,0.924529224
Node2Vec,64,2000,0.439118575,0.370758364,0.942445654
Node2Vec,64,2000,0.436425712,0.365773893,0.94058722
Node2Vec,64,2000,0.437025051,0.371227702,0.940562038
Node2Vec,64,2000,0.434946893,0.371896493,0.941531579
Node2Vec,64,2000,0.437277825,0.365556032,0.940596775
Node2Vec,64,2000,0.436155838,0.367993271,0.941293682
Node2Vec,64,2000,0.43637941,0.369844343,0.942221679
Node2Vec,64,2000,0.436004437,0.361902943,0.938661807
Node2Vec,64,2000,0.436266342,0.364320601,0.939504602
Node2Vec,64,2000,0.434875535,0.370133081,0.942656857
Node2Vec,64,4000,0.423952672,0.298353746,0.951834567
Node2Vec,64,4000,0.422884025,0.295877646,0.950219718
Node2Vec,64,4000,0.42413828,0.298766825,0.950113587
Node2Vec,64,4000,0.423712098,0.298018185,0.95027906
Node2Vec,64,4000,0.424242434,0.295916245,0.950182244
Node2Vec,64,4000,0.421573745,0.294820679,0.949582935
Node2Vec,64,4000,0.423775681,0.294676707,0.949966121
Node2Vec,64,4000,0.422569523,0.29429724,0.948825753
Node2Vec,64,4000,0.422091391,0.29521753,0.948231204
Node2Vec,64,4000,0.421722821,0.298656899,0.949218191
Node2Vec,64,8000,0.408121824,0.233771758,0.951653873
Node2Vec,64,8000,0.406943557,0.235591542,0.951199946
Node2Vec,64,8000,0.409323363,0.235247126,0.952018934
Node2Vec,64,8000,0.40839404,0.235983045,0.95119645
Node2Vec,64,8000,0.409402753,0.232959753,0.951062285
Node2Vec,64,8000,0.408665201,0.234646154,0.951085664
Node2Vec,64,8000,0.408688389,0.234720165,0.95045282
Node2Vec,64,8000,0.410111164,0.233456924,0.951424155
Node2Vec,64,8000,0.40866552,0.23607153,0.950419908
Node2Vec,64,8000,0.409901459,0.23552263,0.950838786
Node2Vec,64,16000,0.407482252,0.182971377,0.954537031
Node2Vec,64,16000,0.409468605,0.18462354,0.955182175
Node2Vec,64,16000,0.410015032,0.184734548,0.955197032
Node2Vec,64,16000,0.40944667,0.185068584,0.954819986
Node2Vec,64,16000,0.408329323,0.18374744,0.95406565
Node2Vec,64,16000,0.408027205,0.183696011,0.954433253
Node2Vec,64,16000,0.407059138,0.184695959,0.953821463
Node2Vec,64,16000,0.410485324,0.183776781,0.955033367
Node2Vec,64,16000,0.410434861,0.186048736,0.954422779
Node2Vec,64,16000,0.410317156,0.18451347,0.954425848
Node2Vec,128,1000,0.346884378,0.383280497,0.886000579
Node2Vec,128,1000,0.344220968,0.385224493,0.891850438
Node2Vec,128,1000,0.346026448,0.382036653,0.888209256
Node2Vec,128,1000,0.347547859,0.381391985,0.889258003
Node2Vec,128,1000,0.339642959,0.382281491,0.884032666
Node2Vec,128,1000,0.34506071,0.384943142,0.88715486
Node2Vec,128,1000,0.342707446,0.386834841,0.883988829
Node2Vec,128,1000,0.342180117,0.391175129,0.889130235
Node2Vec,128,1000,0.345569809,0.386885867,0.887105708
Node2Vec,128,1000,0.344096539,0.38699767,0.886554338
Node2Vec,128,2000,0.296148092,0.335134194,0.907214934
Node2Vec,128,2000,0.297454328,0.341069607,0.911752462
Node2Vec,128,2000,0.298441969,0.33327691,0.910362019
Node2Vec,128,2000,0.296133061,0.337176855,0.90920663
Node2Vec,128,2000,0.295012814,0.332790689,0.90875131
Node2Vec,128,2000,0.297572941,0.334418691,0.9092648
Node2Vec,128,2000,0.296104,0.335659947,0.90732703
Node2Vec,128,2000,0.296482941,0.341349228,0.91211634
Node2Vec,128,2000,0.296055929,0.336441341,0.910963698
Node2Vec,128,2000,0.297001197,0.337287327,0.909239985
Node2Vec,128,4000,0.260992793,0.281388842,0.920487371
Node2Vec,128,4000,0.262828107,0.281153145,0.923575743
Node2Vec,128,4000,0.264582165,0.281607888,0.922987694
Node2Vec,128,4000,0.261416179,0.284041226,0.922417562
Node2Vec,128,4000,0.259278908,0.28008288,0.921049521
Node2Vec,128,4000,0.260962298,0.280381152,0.921751922
Node2Vec,128,4000,0.259078151,0.280564674,0.919699246
Node2Vec,128,4000,0.262258284,0.282972977,0.92357097
Node2Vec,128,4000,0.260020672,0.28220779,0.923071316
Node2Vec,128,4000,0.261192007,0.281069889,0.921792604
Node2Vec,128,8000,0.233732231,0.225334786,0.922310515
Node2Vec,128,8000,0.233933173,0.227941682,0.92412865
Node2Vec,128,8000,0.234797592,0.225769066,0.923971518
Node2Vec,128,8000,0.233449128,0.227667643,0.923553056
Node2Vec,128,8000,0.233545677,0.226912188,0.92333162
Node2Vec,128,8000,0.234254631,0.226167019,0.924046497
Node2Vec,128,8000,0.232540506,0.226707445,0.922581833
Node2Vec,128,8000,0.235023908,0.227127083,0.925432288
Node2Vec,128,8000,0.232846905,0.226590183,0.924436911
Node2Vec,128,8000,0.234215042,0.226962813,0.924045004
Node2Vec,128,16000,0.221171064,0.18444067,0.927405821
Node2Vec,128,16000,0.22130747,0.185119416,0.928220548
Node2Vec,128,16000,0.221678884,0.183651608,0.92759445
Node2Vec,128,16000,0.221120823,0.187525745,0.927729318
Node2Vec,128,16000,0.221583937,0.183895863,0.928102181
Node2Vec,128,16000,0.222777651,0.184673893,0.92833796
Node2Vec,128,16000,0.221023298,0.185646795,0.927525787
Node2Vec,128,16000,0.222497194,0.184154895,0.928440231
Node2Vec,128,16000,0.220706455,0.18593198,0.928318452
Node2Vec,128,16000,0.2217105,0.18663426,0.928103475
Node2Vec,256,1000,0.299043478,0.292455059,0.765525612
Node2Vec,256,1000,0.296957934,0.285927831,0.757511267
Node2Vec,256,1000,0.301010427,0.291101009,0.761104543
Node2Vec,256,1000,0.297617464,0.29079487,0.760074959
Node2Vec,256,1000,0.302827708,0.28990088,0.763080981
Node2Vec,256,1000,0.300668432,0.290691259,0.765206832
Node2Vec,256,1000,0.300681389,0.290753845,0.76613997
Node2Vec,256,1000,0.300932251,0.29034904,0.762763182
Node2Vec,256,1000,0.297502535,0.293394583,0.761416339
Node2Vec,256,1000,0.299828385,0.299084686,0.767782891
Node2Vec,256,2000,0.20344518,0.265538251,0.799690229
Node2Vec,256,2000,0.205113488,0.258068766,0.799134417
Node2Vec,256,2000,0.200963473,0.262212572,0.800237324
Node2Vec,256,2000,0.199773751,0.264450583,0.800981165
Node2Vec,256,2000,0.204094718,0.263535079,0.797681057
Node2Vec,256,2000,0.199439728,0.261524855,0.799497768
Node2Vec,256,2000,0.203473192,0.263794951,0.799939593
Node2Vec,256,2000,0.203342614,0.264939764,0.800056737
Node2Vec,256,2000,0.201383027,0.264840223,0.800464707
Node2Vec,256,2000,0.20221594,0.265989186,0.802470038
Node2Vec,256,4000,0.144775394,0.234896648,0.823420829
Node2Vec,256,4000,0.145008703,0.230709206,0.825052262
Node2Vec,256,4000,0.143261265,0.23879167,0.827357886
Node2Vec,256,4000,0.142400444,0.235854689,0.826808355
Node2Vec,256,4000,0.143716519,0.231387106,0.823146119
Node2Vec,256,4000,0.142183763,0.232858712,0.824139508
Node2Vec,256,4000,0.144367179,0.235108103,0.82574184
Node2Vec,256,4000,0.143953361,0.231901658,0.825596614
Node2Vec,256,4000,0.143418495,0.233722582,0.825444903
Node2Vec,256,4000,0.14516802,0.238473015,0.828573802
Node2Vec,256,8000,0.106774301,0.200304758,0.832284475
Node2Vec,256,8000,0.106379475,0.19842039,0.831449059
Node2Vec,256,8000,0.105546012,0.202749738,0.833597587
Node2Vec,256,8000,0.105083042,0.199678576,0.832840313
Node2Vec,256,8000,0.106502163,0.19782204,0.831796804
Node2Vec,256,8000,0.105023467,0.200213368,0.832878028
Node2Vec,256,8000,0.105852307,0.200580867,0.832520406
Node2Vec,256,8000,0.10550853,0.198255997,0.833140236
Node2Vec,256,8000,0.104984208,0.197244415,0.831724646
Node2Vec,256,8000,0.106230374,0.201706099,0.834650213
Node2Vec,256,16000,0.083157535,0.174464877,0.844284256
Node2Vec,256,16000,0.083464309,0.173706371,0.84400752
Node2Vec,256,16000,0.083005044,0.175997747,0.845529841
Node2Vec,256,16000,0.083243372,0.172968727,0.844490903
Node2Vec,256,16000,0.08315448,0.172119494,0.843219769
Node2Vec,256,16000,0.08252102,0.173372,0.844322853
Node2Vec,256,16000,0.083200736,0.17520479,0.843473028
Node2Vec,256,16000,0.083085319,0.172144811,0.84507369
Node2Vec,256,16000,0.083386498,0.173061114,0.843368007
Node2Vec,256,16000,0.083454774,0.174255515,0.845378126
